id,CPRO,PROVINCIA,CMUN,NOMBRE,pop
08001,08,Barcelona,001,Abrera,12216
08002,08,Barcelona,002,Aguilar de Segarra,253
08014,08,Barcelona,014,Aiguafreda,2467
08003,08,Barcelona,003,Alella,9632
08004,08,Barcelona,004,Alpens,294
08005,08,Barcelona,005,"Ametlla del Vallès, L'",8337
08006,08,Barcelona,006,Arenys de Mar,15253
08007,08,Barcelona,007,Arenys de Munt,8638
08008,08,Barcelona,008,Argençola,227
08009,08,Barcelona,009,Argentona,12051
08010,08,Barcelona,010,Artés,5596
08011,08,Barcelona,011,Avià,2257
08012,08,Barcelona,012,Avinyó,2212
08013,08,Barcelona,013,Avinyonet del Penedès,1665
08015,08,Barcelona,015,Badalona,215634
08904,08,Barcelona,904,Badia del Vallès,13482
08016,08,Barcelona,016,Bagà,2162
08017,08,Barcelona,017,Balenyà,3705
08018,08,Barcelona,018,Balsareny,3285
08252,08,Barcelona,252,Barberà del Vallès,32832
08019,08,Barcelona,019,Barcelona,1608746
08020,08,Barcelona,020,Begues,6736
08021,08,Barcelona,021,Bellprat,75
08022,08,Barcelona,022,Berga,16175
08023,08,Barcelona,023,Bigues i Riells,8915
08024,08,Barcelona,024,Borredà,495
08025,08,Barcelona,025,"Bruc, El",2014
08026,08,Barcelona,026,"Brull, El",263
08027,08,Barcelona,027,"Cabanyes, Les",943
08028,08,Barcelona,028,Cabrera d'Anoia,1351
08029,08,Barcelona,029,Cabrera de Mar,4553
08030,08,Barcelona,030,Cabrils,7287
08031,08,Barcelona,031,Calaf,3424
08034,08,Barcelona,034,Calders,953
08033,08,Barcelona,033,Caldes de Montbui,17137
08032,08,Barcelona,032,Caldes d'Estrac,2766
08035,08,Barcelona,035,Calella,18317
08037,08,Barcelona,037,Calldetenes,2418
08038,08,Barcelona,038,Callús,2057
08036,08,Barcelona,036,Calonge de Segarra,191
08039,08,Barcelona,039,Campins,470
08040,08,Barcelona,040,Canet de Mar,14284
08041,08,Barcelona,041,Canovelles,15937
08042,08,Barcelona,042,Cànoves i Samalús,2873
08043,08,Barcelona,043,Canyelles,4407
08044,08,Barcelona,044,Capellades,5227
08045,08,Barcelona,045,Capolat,93
08046,08,Barcelona,046,Cardedeu,18158
08047,08,Barcelona,047,Cardona,4775
08048,08,Barcelona,048,Carme,791
08049,08,Barcelona,049,Casserres,1528
08057,08,Barcelona,057,Castell de l'Areny,69
08052,08,Barcelona,052,Castellar de n'Hug,157
08050,08,Barcelona,050,Castellar del Riu,176
08051,08,Barcelona,051,Castellar del Vallès,23633
08053,08,Barcelona,053,Castellbell i el Vilar,3584
08054,08,Barcelona,054,Castellbisbal,12277
08055,08,Barcelona,055,Castellcir,726
08056,08,Barcelona,056,Castelldefels,64892
08058,08,Barcelona,058,Castellet i la Gornal,2193
08060,08,Barcelona,060,Castellfollit de Riubregós,165
08059,08,Barcelona,059,Castellfollit del Boix,448
08061,08,Barcelona,061,Castellgalí,1995
08062,08,Barcelona,062,Castellnou de Bages,1287
08063,08,Barcelona,063,Castellolí,573
08064,08,Barcelona,064,Castellterçol,2351
08065,08,Barcelona,065,Castellví de la Marca,1545
08066,08,Barcelona,066,Castellví de Rosanes,1807
08067,08,Barcelona,067,Centelles,7410
08268,08,Barcelona,268,Cercs,1183
08266,08,Barcelona,266,Cerdanyola del Vallès,57543
08068,08,Barcelona,068,Cervelló,8861
08069,08,Barcelona,069,Collbató,4396
08070,08,Barcelona,070,Collsuspina,349
08071,08,Barcelona,071,Copons,300
08072,08,Barcelona,072,Corbera de Llobregat,14168
08073,08,Barcelona,073,Cornellà de Llobregat,86072
08074,08,Barcelona,074,Cubelles,14608
08075,08,Barcelona,075,Dosrius,5154
08076,08,Barcelona,076,Esparreguera,21766
08077,08,Barcelona,077,Esplugues de Llobregat,45733
08078,08,Barcelona,078,"Espunyola, L'",247
08254,08,Barcelona,254,"Esquirol, L'",2168
08079,08,Barcelona,079,"Estany, L'",404
08134,08,Barcelona,134,Figaró-Montmany,1092
08080,08,Barcelona,080,Fígols,40
08082,08,Barcelona,082,Fogars de la Selva,1452
08081,08,Barcelona,081,Fogars de Montclús,462
08083,08,Barcelona,083,Folgueroles,2298
08084,08,Barcelona,084,Fonollosa,1401
08085,08,Barcelona,085,Font-rubí,1363
08086,08,Barcelona,086,"Franqueses del Vallès, Les",19417
08090,08,Barcelona,090,Gaià,160
08087,08,Barcelona,087,Gallifa,187
08088,08,Barcelona,088,"Garriga, La",15912
08089,08,Barcelona,089,Gavà,46266
08091,08,Barcelona,091,Gelida,7238
08092,08,Barcelona,092,Gironella,4829
08093,08,Barcelona,093,Gisclareny,29
08094,08,Barcelona,094,"Granada, La",2091
08095,08,Barcelona,095,Granera,79
08096,08,Barcelona,096,Granollers,60174
08097,08,Barcelona,097,Gualba,1426
08099,08,Barcelona,099,Guardiola de Berguedà,897
08100,08,Barcelona,100,Gurb,2559
08101,08,Barcelona,101,"Hospitalet de Llobregat, L'",254804
08162,08,Barcelona,162,"Hostalets de Pierola, Els",2891
08102,08,Barcelona,102,Igualada,38987
08103,08,Barcelona,103,Jorba,831
08104,08,Barcelona,104,"Llacuna, La",872
08105,08,Barcelona,105,"Llagosta, La",13247
08107,08,Barcelona,107,Lliçà d'Amunt,14759
08108,08,Barcelona,108,Lliçà de Vall,6370
08106,08,Barcelona,106,Llinars del Vallès,9717
08109,08,Barcelona,109,Lluçà,280
08110,08,Barcelona,110,Malgrat de Mar,18295
08111,08,Barcelona,111,Malla,267
08112,08,Barcelona,112,Manlleu,20104
08113,08,Barcelona,113,Manresa,74752
08242,08,Barcelona,242,Marganell,277
08114,08,Barcelona,114,Martorell,27645
08115,08,Barcelona,115,Martorelles,4725
08116,08,Barcelona,116,"Masies de Roda, Les",714
08117,08,Barcelona,117,"Masies de Voltregà, Les",3170
08118,08,Barcelona,118,"Masnou, El",23119
08119,08,Barcelona,119,Masquefa,8386
08120,08,Barcelona,120,Matadepera,8984
08121,08,Barcelona,121,Mataró,125517
08122,08,Barcelona,122,Mediona,2282
08138,08,Barcelona,138,Moià,5957
08123,08,Barcelona,123,Molins de Rei,25359
08124,08,Barcelona,124,Mollet del Vallès,51491
08128,08,Barcelona,128,Monistrol de Calders,699
08127,08,Barcelona,127,Monistrol de Montserrat,2867
08125,08,Barcelona,125,Montcada i Reixac,34802
08130,08,Barcelona,130,Montclar,119
08131,08,Barcelona,131,Montesquiu,931
08126,08,Barcelona,126,Montgat,11621
08132,08,Barcelona,132,Montmajor,471
08133,08,Barcelona,133,Montmaneu,151
08135,08,Barcelona,135,Montmeló,8784
08136,08,Barcelona,136,Montornès del Vallès,16218
08137,08,Barcelona,137,Montseny,320
08129,08,Barcelona,129,Muntanyola,604
08139,08,Barcelona,139,Mura,219
08140,08,Barcelona,140,Navarcles,5988
08141,08,Barcelona,141,Navàs,6045
08142,08,Barcelona,142,"Nou de Berguedà, La",151
08143,08,Barcelona,143,Òdena,3607
08145,08,Barcelona,145,Olèrdola,3529
08146,08,Barcelona,146,Olesa de Bonesvalls,1723
08147,08,Barcelona,147,Olesa de Montserrat,23645
08148,08,Barcelona,148,Olivella,3569
08149,08,Barcelona,149,Olost,1185
08144,08,Barcelona,144,Olvan,855
08150,08,Barcelona,150,Orís,310
08151,08,Barcelona,151,Oristà,547
08152,08,Barcelona,152,Orpí,139
08153,08,Barcelona,153,Òrrius,702
08154,08,Barcelona,154,Pacs del Penedès,894
08155,08,Barcelona,155,Palafolls,9133
08156,08,Barcelona,156,Palau-solità i Plegamans,14494
08157,08,Barcelona,157,Pallejà,11348
08905,08,Barcelona,905,"Palma de Cervelló, La",3000
08158,08,Barcelona,158,"Papiol, El",4075
08159,08,Barcelona,159,Parets del Vallès,18837
08160,08,Barcelona,160,Perafita,411
08161,08,Barcelona,161,Piera,15001
08163,08,Barcelona,163,Pineda de Mar,26240
08164,08,Barcelona,164,"Pla del Penedès, El",1253
08165,08,Barcelona,165,"Pobla de Claramunt, La",2159
08166,08,Barcelona,166,"Pobla de Lillet, La",1110
08167,08,Barcelona,167,Polinyà,8300
08182,08,Barcelona,182,"Pont de Vilomara i Rocafort, El",3724
08168,08,Barcelona,168,Pontons,453
08169,08,Barcelona,169,"Prat de Llobregat, El",63457
08171,08,Barcelona,171,Prats de Lluçanès,2565
08170,08,Barcelona,170,"Prats de Rei, Els",535
08230,08,Barcelona,230,Premià de Dalt,10446
08172,08,Barcelona,172,Premià de Mar,27866
08174,08,Barcelona,174,Puigdàlber,512
08175,08,Barcelona,175,Puig-reig,4123
08176,08,Barcelona,176,Pujalt,198
08177,08,Barcelona,177,"Quar, La",54
08178,08,Barcelona,178,Rajadell,533
08179,08,Barcelona,179,Rellinars,723
08180,08,Barcelona,180,Ripollet,37648
08181,08,Barcelona,181,"Roca del Vallès, La",10599
08183,08,Barcelona,183,Roda de Ter,6116
08184,08,Barcelona,184,Rubí,75167
08185,08,Barcelona,185,Rubió,231
08901,08,Barcelona,901,Rupit i Pruit,277
08187,08,Barcelona,187,Sabadell,208246
08188,08,Barcelona,188,Sagàs,152
08190,08,Barcelona,190,Saldes,276
08191,08,Barcelona,191,Sallent,6592
08194,08,Barcelona,194,Sant Adrià de Besòs,36496
08195,08,Barcelona,195,Sant Agustí de Lluçanès,92
08196,08,Barcelona,196,Sant Andreu de la Barca,27434
08197,08,Barcelona,197,Sant Andreu de Llavaneres,10663
08198,08,Barcelona,198,Sant Antoni de Vilamajor,5862
08199,08,Barcelona,199,Sant Bartomeu del Grau,850
08200,08,Barcelona,200,Sant Boi de Llobregat,82402
08201,08,Barcelona,201,Sant Boi de Lluçanès,527
08203,08,Barcelona,203,Sant Cebrià de Vallalta,3329
08202,08,Barcelona,202,Sant Celoni,17540
08204,08,Barcelona,204,Sant Climent de Llobregat,4024
08205,08,Barcelona,205,Sant Cugat del Vallès,88921
08206,08,Barcelona,206,Sant Cugat Sesgarrigues,973
08207,08,Barcelona,207,Sant Esteve de Palautordera,2599
08208,08,Barcelona,208,Sant Esteve Sesrovires,7644
08210,08,Barcelona,210,Sant Feliu de Codines,5968
08211,08,Barcelona,211,Sant Feliu de Llobregat,44086
08212,08,Barcelona,212,Sant Feliu Sasserra,612
08209,08,Barcelona,209,Sant Fost de Campsentelles,8650
08213,08,Barcelona,213,Sant Fruitós de Bages,8387
08215,08,Barcelona,215,Sant Hipòlit de Voltregà,3462
08193,08,Barcelona,193,Sant Iscle de Vallalta,1292
08216,08,Barcelona,216,Sant Jaume de Frontanyà,27
08218,08,Barcelona,218,Sant Joan de Vilatorrada,10759
08217,08,Barcelona,217,Sant Joan Despí,33502
08903,08,Barcelona,903,Sant Julià de Cerdanyola,251
08220,08,Barcelona,220,Sant Julià de Vilatorta,3113
08221,08,Barcelona,221,Sant Just Desvern,16927
08222,08,Barcelona,222,Sant Llorenç d'Hortons,2562
08223,08,Barcelona,223,Sant Llorenç Savall,2375
08225,08,Barcelona,225,Sant Martí d'Albars,108
08224,08,Barcelona,224,Sant Martí de Centelles,1122
08226,08,Barcelona,226,Sant Martí de Tous,1190
08227,08,Barcelona,227,Sant Martí Sarroca,3099
08228,08,Barcelona,228,Sant Martí Sesgueioles,371
08229,08,Barcelona,229,Sant Mateu de Bages,618
08231,08,Barcelona,231,Sant Pere de Ribes,29842
08232,08,Barcelona,232,Sant Pere de Riudebitlles,2369
08233,08,Barcelona,233,Sant Pere de Torelló,2427
08234,08,Barcelona,234,Sant Pere de Vilamajor,4257
08189,08,Barcelona,189,Sant Pere Sallavinera,158
08235,08,Barcelona,235,Sant Pol de Mar,4951
08236,08,Barcelona,236,Sant Quintí de Mediona,2121
08237,08,Barcelona,237,Sant Quirze de Besora,2125
08238,08,Barcelona,238,Sant Quirze del Vallès,19664
08239,08,Barcelona,239,Sant Quirze Safaja,637
08240,08,Barcelona,240,Sant Sadurní d'Anoia,12654
08241,08,Barcelona,241,Sant Sadurní d'Osormort,80
08098,08,Barcelona,098,Sant Salvador de Guardiola,3141
08262,08,Barcelona,262,Sant Vicenç de Castellet,9235
08264,08,Barcelona,264,Sant Vicenç de Montalt,6182
08265,08,Barcelona,265,Sant Vicenç de Torelló,1996
08263,08,Barcelona,263,Sant Vicenç dels Horts,27961
08243,08,Barcelona,243,Santa Cecília de Voltregà,183
08244,08,Barcelona,244,Santa Coloma de Cervelló,8073
08245,08,Barcelona,245,Santa Coloma de Gramenet,117153
08246,08,Barcelona,246,Santa Eugènia de Berga,2246
08247,08,Barcelona,247,Santa Eulàlia de Riuprimer,1266
08248,08,Barcelona,248,Santa Eulàlia de Ronçana,7049
08249,08,Barcelona,249,Santa Fe del Penedès,374
08250,08,Barcelona,250,Santa Margarida de Montbui,9611
08251,08,Barcelona,251,Santa Margarida i els Monjos,7360
08253,08,Barcelona,253,Santa Maria de Besora,148
08256,08,Barcelona,256,Santa Maria de Martorelles,861
08255,08,Barcelona,255,Santa Maria de Merlès,178
08257,08,Barcelona,257,Santa Maria de Miralles,132
08259,08,Barcelona,259,Santa Maria de Palautordera,9194
08258,08,Barcelona,258,Santa Maria d'Oló,1054
08260,08,Barcelona,260,Santa Perpètua de Mogoda,25556
08261,08,Barcelona,261,Santa Susanna,3323
08192,08,Barcelona,192,Santpedor,7520
08267,08,Barcelona,267,Sentmenat,8700
08269,08,Barcelona,269,Seva,3446
08270,08,Barcelona,270,Sitges,28478
08271,08,Barcelona,271,Sobremunt,83
08272,08,Barcelona,272,Sora,189
08273,08,Barcelona,273,Subirats,2997
08274,08,Barcelona,274,Súria,5873
08276,08,Barcelona,276,Tagamanent,316
08277,08,Barcelona,277,Talamanca,186
08278,08,Barcelona,278,Taradell,6321
08275,08,Barcelona,275,Tavèrnoles,318
08280,08,Barcelona,280,Tavertet,112
08281,08,Barcelona,281,Teià,6254
08279,08,Barcelona,279,Terrassa,215121
08282,08,Barcelona,282,Tiana,8553
08283,08,Barcelona,283,Tona,7951
08284,08,Barcelona,284,Tordera,16453
08285,08,Barcelona,285,Torelló,13877
08286,08,Barcelona,286,"Torre de Claramunt, La",3722
08287,08,Barcelona,287,Torrelavit,1413
08288,08,Barcelona,288,Torrelles de Foix,2201
08289,08,Barcelona,289,Torrelles de Llobregat,5933
08290,08,Barcelona,290,Ullastrell,2039
08291,08,Barcelona,291,Vacarisses,6192
08292,08,Barcelona,292,Vallbona d'Anoia,1412
08293,08,Barcelona,293,Vallcebre,254
08294,08,Barcelona,294,Vallgorguina,2772
08295,08,Barcelona,295,Vallirana,14676
08296,08,Barcelona,296,Vallromanes,2525
08297,08,Barcelona,297,Veciana,173
08298,08,Barcelona,298,Vic,43287
08299,08,Barcelona,299,Vilada,430
08301,08,Barcelona,301,Viladecans,65779
08300,08,Barcelona,300,Viladecavalls,7354
08305,08,Barcelona,305,Vilafranca del Penedès,39365
08306,08,Barcelona,306,Vilalba Sasserra,684
08303,08,Barcelona,303,Vilanova de Sau,309
08302,08,Barcelona,302,Vilanova del Camí,12409
08902,08,Barcelona,902,Vilanova del Vallès,5217
08307,08,Barcelona,307,Vilanova i la Geltrú,65972
08214,08,Barcelona,214,Vilassar de Dalt,8953
08219,08,Barcelona,219,Vilassar de Mar,20678
08304,08,Barcelona,304,Vilobí del Penedès,1103
08308,08,Barcelona,308,Viver i Serrateix,162
17001,17,Girona,001,Agullana,841
17002,17,Girona,002,Aiguaviva,763
17003,17,Girona,003,Albanyà,147
17004,17,Girona,004,Albons,765
17006,17,Girona,006,Alp,1536
17007,17,Girona,007,Amer,2260
17008,17,Girona,008,Anglès,5473
17009,17,Girona,009,Arbúcies,6380
17010,17,Girona,010,Argelaguer,415
17011,17,Girona,011,"Armentera, L'",935
17012,17,Girona,012,Avinyonet de Puigventós,1587
17015,17,Girona,015,Banyoles,19239
17016,17,Girona,016,Bàscara,980
17013,17,Girona,013,Begur,3957
17018,17,Girona,018,Bellcaire d'Empordà,647
17019,17,Girona,019,Besalú,2438
17020,17,Girona,020,Bescanó,4854
17021,17,Girona,021,Beuda,199
17022,17,Girona,022,"Bisbal d'Empordà, La",10742
17234,17,Girona,234,Biure,233
17023,17,Girona,023,Blanes,39060
17029,17,Girona,029,Boadella i les Escaules,266
17024,17,Girona,024,Bolvir,375
17025,17,Girona,025,Bordils,1680
17026,17,Girona,026,Borrassà,711
17027,17,Girona,027,Breda,3722
17028,17,Girona,028,Brunyola,375
17031,17,Girona,031,Cabanelles,257
17030,17,Girona,030,Cabanes,915
17032,17,Girona,032,Cadaqués,2837
17033,17,Girona,033,Caldes de Malavella,7220
17034,17,Girona,034,Calonge,10709
17035,17,Girona,035,Camós,683
17036,17,Girona,036,Campdevànol,3314
17037,17,Girona,037,Campelles,137
17038,17,Girona,038,Campllong,516
17039,17,Girona,039,Camprodon,2221
17040,17,Girona,040,Canet d'Adri,702
17041,17,Girona,041,Cantallops,317
17042,17,Girona,042,Capmany,596
17044,17,Girona,044,Cassà de la Selva,10025
17046,17,Girona,046,Castellfollit de la Roca,970
17047,17,Girona,047,Castelló d'Empúries,10784
17048,17,Girona,048,Castell-Platja d'Aro,10567
17189,17,Girona,189,"Cellera de Ter, La",2054
17049,17,Girona,049,Celrà,5303
17050,17,Girona,050,Cervià de Ter,916
17051,17,Girona,051,Cistella,293
17054,17,Girona,054,Colera,522
17055,17,Girona,055,Colomers,188
17057,17,Girona,057,Corçà,1249
17056,17,Girona,056,Cornellà del Terri,2279
17058,17,Girona,058,Crespià,267
17901,17,Girona,901,"Cruïlles, Monells i Sant Sadurní de l'Heura",1292
17060,17,Girona,060,Darnius,550
17061,17,Girona,061,Das,215
17062,17,Girona,062,"Escala, L'",10400
17063,17,Girona,063,Espinelves,201
17064,17,Girona,064,Espolla,421
17065,17,Girona,065,Esponellà,456
17005,17,Girona,005,"Far d'Empordà, El",553
17066,17,Girona,066,Figueres,45726
17067,17,Girona,067,Flaçà,1018
17068,17,Girona,068,Foixà,309
17069,17,Girona,069,Fontanals de Cerdanya,446
17070,17,Girona,070,Fontanilles,140
17071,17,Girona,071,Fontcoberta,1471
17902,17,Girona,902,Forallac,1723
17073,17,Girona,073,Fornells de la Selva,2547
17074,17,Girona,074,Fortià,721
17075,17,Girona,075,Garrigàs,435
17076,17,Girona,076,Garrigoles,163
17077,17,Girona,077,Garriguella,854
17078,17,Girona,078,Ger,436
17079,17,Girona,079,Girona,98255
17080,17,Girona,080,Gombrèn,184
17081,17,Girona,081,Gualta,376
17082,17,Girona,082,Guils de Cerdanya,531
17083,17,Girona,083,Hostalric,4058
17084,17,Girona,084,Isòvol,276
17085,17,Girona,085,Jafre,386
17086,17,Girona,086,"Jonquera, La",3231
17087,17,Girona,087,Juià,327
17088,17,Girona,088,Lladó,752
17089,17,Girona,089,Llagostera,8266
17090,17,Girona,090,Llambilles,723
17091,17,Girona,091,Llanars,514
17092,17,Girona,092,Llançà,4934
17093,17,Girona,093,Llers,1210
17094,17,Girona,094,Llívia,1467
17095,17,Girona,095,Lloret de Mar,37042
17096,17,Girona,096,"Llosses, Les",213
17102,17,Girona,102,Maçanet de Cabrenys,740
17103,17,Girona,103,Maçanet de la Selva,6819
17097,17,Girona,097,Madremanya,280
17098,17,Girona,098,Maià de Montcal,433
17100,17,Girona,100,Masarac,289
17101,17,Girona,101,Massanes,742
17099,17,Girona,099,Meranges,99
17105,17,Girona,105,Mieres,317
17106,17,Girona,106,Mollet de Peralada,180
17107,17,Girona,107,Molló,335
17109,17,Girona,109,Montagut i Oix,929
17110,17,Girona,110,Mont-ras,1690
17111,17,Girona,111,Navata,1329
17112,17,Girona,112,Ogassa,225
17114,17,Girona,114,Olot,34000
17115,17,Girona,115,Ordis,377
17116,17,Girona,116,Osor,434
17117,17,Girona,117,Palafrugell,22868
17118,17,Girona,118,Palamós,17677
17119,17,Girona,119,Palau de Santa Eulàlia,90
17121,17,Girona,121,Palau-sator,297
17120,17,Girona,120,Palau-saverdera,1471
17123,17,Girona,123,Palol de Revardit,470
17124,17,Girona,124,Pals,2423
17125,17,Girona,125,Pardines,158
17126,17,Girona,126,Parlavà,392
17128,17,Girona,128,Pau,551
17129,17,Girona,129,Pedret i Marzà,180
17130,17,Girona,130,"Pera, La",441
17132,17,Girona,132,Peralada,1835
17133,17,Girona,133,"Planes d'Hostoles, Les",1662
17134,17,Girona,134,Planoles,299
17135,17,Girona,135,Pont de Molins,517
17136,17,Girona,136,Pontós,234
17137,17,Girona,137,Porqueres,4530
17140,17,Girona,140,"Port de la Selva, El",994
17138,17,Girona,138,Portbou,1170
17139,17,Girona,139,"Preses, Les",1781
17141,17,Girona,141,Puigcerdà,8810
17142,17,Girona,142,Quart,3478
17043,17,Girona,043,Queralbs,174
17143,17,Girona,143,Rabós,188
17144,17,Girona,144,Regencós,279
17145,17,Girona,145,Ribes de Freser,1785
17146,17,Girona,146,Riells i Viabrea,3927
17147,17,Girona,147,Ripoll,10583
17148,17,Girona,148,Riudarenes,2120
17149,17,Girona,149,Riudaura,466
17150,17,Girona,150,Riudellots de la Selva,2024
17151,17,Girona,151,Riumors,255
17152,17,Girona,152,Roses,19438
17153,17,Girona,153,Rupià,253
17154,17,Girona,154,Sales de Llierca,137
17155,17,Girona,155,Salt,29404
17157,17,Girona,157,Sant Andreu Salou,155
17183,17,Girona,183,Sant Aniol de Finestres,371
17158,17,Girona,158,Sant Climent Sescebes,641
17159,17,Girona,159,Sant Feliu de Buixalleu,799
17160,17,Girona,160,Sant Feliu de Guíxols,21760
17161,17,Girona,161,Sant Feliu de Pallerols,1317
17162,17,Girona,162,Sant Ferriol,231
17163,17,Girona,163,Sant Gregori,3553
17164,17,Girona,164,Sant Hilari Sacalm,5570
17165,17,Girona,165,Sant Jaume de Llierca,873
17167,17,Girona,167,Sant Joan de les Abadesses,3342
17168,17,Girona,168,Sant Joan de Mollet,495
17185,17,Girona,185,Sant Joan les Fonts,2906
17166,17,Girona,166,Sant Jordi Desvalls,700
17169,17,Girona,169,Sant Julià de Ramis,3455
17903,17,Girona,903,Sant Julià del Llor i Bonmatí,1282
17171,17,Girona,171,Sant Llorenç de la Muga,247
17172,17,Girona,172,Sant Martí de Llémena,618
17173,17,Girona,173,Sant Martí Vell,250
17174,17,Girona,174,Sant Miquel de Campmajor,226
17175,17,Girona,175,Sant Miquel de Fluvià,742
17176,17,Girona,176,Sant Mori,176
17177,17,Girona,177,Sant Pau de Segúries,670
17178,17,Girona,178,Sant Pere Pescador,2134
17180,17,Girona,180,Santa Coloma de Farners,12583
17181,17,Girona,181,Santa Cristina d'Aro,5128
17182,17,Girona,182,Santa Llogaia d'Àlguema,343
17184,17,Girona,184,Santa Pau,1524
17186,17,Girona,186,Sarrià de Ter,5035
17187,17,Girona,187,"Saus, Camallera i Llampaies",842
17188,17,Girona,188,"Selva de Mar, La",188
17190,17,Girona,190,Serinyà,1132
17191,17,Girona,191,Serra de Daró,209
17192,17,Girona,192,Setcases,181
17193,17,Girona,193,Sils,5910
17052,17,Girona,052,Siurana,155
17194,17,Girona,194,Susqueda,95
17195,17,Girona,195,"Tallada d'Empordà, La",451
17196,17,Girona,196,Terrades,285
17197,17,Girona,197,Torrent,163
17198,17,Girona,198,Torroella de Fluvià,711
17199,17,Girona,199,Torroella de Montgrí,11506
17200,17,Girona,200,Tortellà,781
17201,17,Girona,201,Toses,166
17202,17,Girona,202,Tossa de Mar,5498
17204,17,Girona,204,Ullà,1077
17205,17,Girona,205,Ullastret,288
17203,17,Girona,203,Ultramort,210
17206,17,Girona,206,Urús,181
17014,17,Girona,014,"Vajol, La",83
17208,17,Girona,208,"Vall de Bianya, La",1266
17207,17,Girona,207,"Vall d'en Bas, La",2983
17170,17,Girona,170,Vallfogona de Ripollès,200
17209,17,Girona,209,Vall-llobrega,922
17210,17,Girona,210,Ventalló,802
17211,17,Girona,211,Verges,1150
17212,17,Girona,212,Vidrà,176
17213,17,Girona,213,Vidreres,7632
17214,17,Girona,214,Vilabertran,919
17215,17,Girona,215,Vilablareix,2636
17217,17,Girona,217,Viladamat,466
17216,17,Girona,216,Viladasens,224
17218,17,Girona,218,Vilademuls,808
17220,17,Girona,220,Viladrau,1030
17221,17,Girona,221,Vilafant,5466
17223,17,Girona,223,Vilajuïga,1155
17224,17,Girona,224,Vilallonga de Ter,400
17225,17,Girona,225,Vilamacolum,320
17226,17,Girona,226,Vilamalla,1121
17227,17,Girona,227,Vilamaniscle,202
17228,17,Girona,228,Vilanant,405
17230,17,Girona,230,Vila-sacra,713
17222,17,Girona,222,Vilaür,156
17233,17,Girona,233,Vilobí d'Onyar,3163
17232,17,Girona,232,Vilopriu,201
25001,25,Lleida,001,Abella de la Conca,181
25002,25,Lleida,002,Àger,602
25003,25,Lleida,003,Agramunt,5390
25038,25,Lleida,038,Aitona,2523
25004,25,Lleida,004,"Alamús, Els",799
25005,25,Lleida,005,Alàs i Cerc,350
25006,25,Lleida,006,"Albagés, L'",403
25007,25,Lleida,007,Albatàrrec,2291
25008,25,Lleida,008,Albesa,1596
25009,25,Lleida,009,"Albi, L'",803
25010,25,Lleida,010,Alcanó,249
25011,25,Lleida,011,Alcarràs,9297
25012,25,Lleida,012,Alcoletge,3375
25013,25,Lleida,013,Alfarràs,2923
25014,25,Lleida,014,Alfés,326
25015,25,Lleida,015,Algerri,423
25016,25,Lleida,016,Alguaire,3006
25017,25,Lleida,017,Alins,287
25019,25,Lleida,019,Almacelles,6800
25020,25,Lleida,020,Almatret,327
25021,25,Lleida,021,Almenar,3502
25022,25,Lleida,022,Alòs de Balaguer,125
25023,25,Lleida,023,Alpicat,6233
25024,25,Lleida,024,Alt Àneu,402
25027,25,Lleida,027,Anglesola,1335
25029,25,Lleida,029,Arbeca,2240
25031,25,Lleida,031,Arres,64
25032,25,Lleida,032,Arsèguel,83
25033,25,Lleida,033,Artesa de Lleida,1512
25034,25,Lleida,034,Artesa de Segre,3556
25036,25,Lleida,036,Aspa,217
25037,25,Lleida,037,"Avellanes i Santa Linya, Les",465
25039,25,Lleida,039,Baix Pallars,342
25040,25,Lleida,040,Balaguer,16530
25041,25,Lleida,041,Barbens,943
25042,25,Lleida,042,"Baronia de Rialb, La",240
25044,25,Lleida,044,Bassella,235
25045,25,Lleida,045,Bausen,64
25046,25,Lleida,046,Belianes,539
25170,25,Lleida,170,Bellaguarda,307
25047,25,Lleida,047,Bellcaire d'Urgell,1263
25048,25,Lleida,048,Bell-lloc d'Urgell,2349
25049,25,Lleida,049,Bellmunt d'Urgell,188
25050,25,Lleida,050,Bellpuig,5005
25051,25,Lleida,051,Bellver de Cerdanya,1995
25052,25,Lleida,052,Bellvís,2264
25053,25,Lleida,053,Benavent de Segrià,1482
25055,25,Lleida,055,Biosca,187
25057,25,Lleida,057,"Bòrdes, Es",250
25058,25,Lleida,058,"Borges Blanques, Les",6000
25059,25,Lleida,059,Bossòst,1123
25056,25,Lleida,056,Bovera,267
25060,25,Lleida,060,Cabanabona,77
25061,25,Lleida,061,Cabó,92
25062,25,Lleida,062,Camarasa,879
25063,25,Lleida,063,Canejan,97
25904,25,Lleida,904,Castell de Mur,175
25064,25,Lleida,064,Castellar de la Ribera,142
25067,25,Lleida,067,Castelldans,958
25068,25,Lleida,068,Castellnou de Seana,736
25069,25,Lleida,069,Castelló de Farfanya,556
25070,25,Lleida,070,Castellserà,1030
25071,25,Lleida,071,Cava,57
25072,25,Lleida,072,Cervera,9013
25073,25,Lleida,073,Cervià de les Garrigues,686
25074,25,Lleida,074,Ciutadilla,204
25075,25,Lleida,075,Clariana de Cardener,141
25076,25,Lleida,076,"Cogul, El",174
25077,25,Lleida,077,Coll de Nargó,574
25163,25,Lleida,163,"Coma i la Pedra, La",261
25161,25,Lleida,161,Conca de Dalt,439
25078,25,Lleida,078,Corbins,1401
25079,25,Lleida,079,Cubells,373
25081,25,Lleida,081,"Espluga Calba, L'",375
25082,25,Lleida,082,Espot,361
25088,25,Lleida,088,Estamariu,119
25085,25,Lleida,085,Estaràs,163
25086,25,Lleida,086,Esterri d'Àneu,789
25087,25,Lleida,087,Esterri de Cardós,69
25089,25,Lleida,089,Farrera,126
25908,25,Lleida,908,Fígols i Alinyà,254
25092,25,Lleida,092,"Floresta, La",155
25093,25,Lleida,093,Fondarella,794
25094,25,Lleida,094,Foradada,172
25096,25,Lleida,096,"Fuliola, La",1260
25097,25,Lleida,097,Fulleda,87
25098,25,Lleida,098,Gavet de la Conca,297
25912,25,Lleida,912,Gimenells i el Pla de la Font,1111
25099,25,Lleida,099,Golmés,1835
25100,25,Lleida,100,Gósol,228
25101,25,Lleida,101,"Granadella, La",723
25102,25,Lleida,102,"Granja d'Escarp, La",977
25103,25,Lleida,103,Granyanella,153
25105,25,Lleida,105,Granyena de les Garrigues,158
25104,25,Lleida,104,Granyena de Segarra,147
25109,25,Lleida,109,Guimerà,275
25903,25,Lleida,903,"Guingueta d'Àneu, La",308
25110,25,Lleida,110,Guissona,6892
25111,25,Lleida,111,Guixers,146
25115,25,Lleida,115,Isona i Conca Dellà,1046
25112,25,Lleida,112,Ivars de Noguera,351
25113,25,Lleida,113,Ivars d'Urgell,1578
25114,25,Lleida,114,Ivorra,114
25910,25,Lleida,910,Josa i Tuixén,122
25118,25,Lleida,118,Juncosa,418
25119,25,Lleida,119,Juneda,3343
25121,25,Lleida,121,Les,958
25122,25,Lleida,122,Linyola,2650
25123,25,Lleida,123,Lladorre,226
25124,25,Lleida,124,Lladurs,187
25125,25,Lleida,125,Llardecans,476
25126,25,Lleida,126,Llavorsí,355
25120,25,Lleida,120,Lleida,138144
25127,25,Lleida,127,Lles de Cerdanya,247
25128,25,Lleida,128,Llimiana,150
25129,25,Lleida,129,Llobera,203
25133,25,Lleida,133,Maials,950
25130,25,Lleida,130,Maldà,230
25131,25,Lleida,131,Massalcoreig,571
25132,25,Lleida,132,Massoteres,203
25134,25,Lleida,134,Menàrguens,847
25135,25,Lleida,135,Miralcamp,1369
25137,25,Lleida,137,Mollerussa,14585
25136,25,Lleida,136,"Molsosa, La",111
25139,25,Lleida,139,Montellà i Martinet,547
25140,25,Lleida,140,Montferrer i Castellbò,1050
25138,25,Lleida,138,Montgai,651
25142,25,Lleida,142,Montoliu de Lleida,495
25141,25,Lleida,141,Montoliu de Segarra,188
25143,25,Lleida,143,Montornès de Segarra,100
25145,25,Lleida,145,Nalec,100
25025,25,Lleida,025,Naut Aran,1764
25146,25,Lleida,146,Navès,283
25148,25,Lleida,148,Odèn,259
25149,25,Lleida,149,Oliana,1844
25150,25,Lleida,150,Oliola,220
25151,25,Lleida,151,Olius,929
25152,25,Lleida,152,"Oluges, Les",152
25153,25,Lleida,153,"Omellons, Els",217
25154,25,Lleida,154,"Omells de na Gaia, Els",137
25155,25,Lleida,155,Organyà,804
25156,25,Lleida,156,Os de Balaguer,1022
25157,25,Lleida,157,Ossó de Sió,214
25158,25,Lleida,158,"Palau d'Anglesola, El",2153
25164,25,Lleida,164,Penelles,474
25165,25,Lleida,165,Peramola,344
25166,25,Lleida,166,Pinell de Solsonès,213
25167,25,Lleida,167,Pinós,297
25911,25,Lleida,911,"Plans de Sió, Els",523
25168,25,Lleida,168,"Poal, El",655
25169,25,Lleida,169,"Pobla de Cérvoles, La",206
25171,25,Lleida,171,"Pobla de Segur, La",2973
25030,25,Lleida,030,"Pont de Bar, El",165
25173,25,Lleida,173,"Pont de Suert, El",2293
25172,25,Lleida,172,Ponts,2638
25174,25,Lleida,174,"Portella, La",741
25175,25,Lleida,175,Prats i Sansor,238
25176,25,Lleida,176,Preixana,382
25177,25,Lleida,177,Preixens,448
25179,25,Lleida,179,Prullans,208
25180,25,Lleida,180,Puiggròs,287
25181,25,Lleida,181,Puigverd d'Agramunt,237
25182,25,Lleida,182,Puigverd de Lleida,1373
25183,25,Lleida,183,Rialp,669
25905,25,Lleida,905,Ribera d'Ondara,446
25185,25,Lleida,185,Ribera d'Urgellet,962
25186,25,Lleida,186,Riner,261
25913,25,Lleida,913,Riu de Cerdanya,97
25189,25,Lleida,189,Rosselló,3029
25190,25,Lleida,190,Salàs de Pallars,340
25191,25,Lleida,191,Sanaüja,425
25196,25,Lleida,196,Sant Esteve de la Sarga,139
25192,25,Lleida,192,Sant Guim de Freixenet,1059
25197,25,Lleida,197,Sant Guim de la Plana,170
25193,25,Lleida,193,Sant Llorenç de Morunys,966
25902,25,Lleida,902,Sant Martí de Riucorb,674
25194,25,Lleida,194,Sant Ramon,509
25201,25,Lleida,201,Sarroca de Bellera,117
25200,25,Lleida,200,Sarroca de Lleida,374
25202,25,Lleida,202,Senterada,133
25035,25,Lleida,035,"Sentiu de Sió, La",462
25204,25,Lleida,204,Seròs,1912
25203,25,Lleida,203,"Seu d'Urgell, La",12185
25205,25,Lleida,205,Sidamon,734
25206,25,Lleida,206,"Soleràs, El",350
25207,25,Lleida,207,Solsona,8914
25208,25,Lleida,208,Soriguera,408
25209,25,Lleida,209,Sort,2145
25210,25,Lleida,210,Soses,1698
25211,25,Lleida,211,Sudanell,867
25212,25,Lleida,212,Sunyer,350
25215,25,Lleida,215,Talarn,689
25216,25,Lleida,216,Talavera,257
25217,25,Lleida,217,Tàrrega,16481
25218,25,Lleida,218,Tarrés,100
25219,25,Lleida,219,Tarroja de Segarra,182
25220,25,Lleida,220,Térmens,1526
25221,25,Lleida,221,Tírvia,143
25222,25,Lleida,222,Tiurana,73
25223,25,Lleida,223,Torà,1215
25224,25,Lleida,224,"Torms, Els",149
25225,25,Lleida,225,Tornabous,882
25227,25,Lleida,227,"Torre de Cabdella, La",748
25226,25,Lleida,226,Torrebesses,293
25228,25,Lleida,228,Torrefarrera,4630
25907,25,Lleida,907,Torrefeta i Florejacs,590
25230,25,Lleida,230,Torregrossa,2166
25231,25,Lleida,231,Torrelameu,703
25232,25,Lleida,232,Torres de Segre,2253
25233,25,Lleida,233,Torre-serona,379
25234,25,Lleida,234,Tremp,6026
25043,25,Lleida,043,"Vall de Boí, La",1022
25901,25,Lleida,901,Vall de Cardós,356
25238,25,Lleida,238,Vallbona de les Monges,241
25240,25,Lleida,240,Vallfogona de Balaguer,1868
25906,25,Lleida,906,"Valls d'Aguilar, Les",291
25239,25,Lleida,239,"Valls de Valira, Les",817
25909,25,Lleida,909,"Vansa i Fórnols, La",200
25242,25,Lleida,242,Verdú,933
25243,25,Lleida,243,Vielha e Mijaran,5459
25244,25,Lleida,244,Vilagrassa,510
25245,25,Lleida,245,Vilaller,552
25247,25,Lleida,247,Vilamòs,151
25248,25,Lleida,248,Vilanova de Bellpuig,1168
25254,25,Lleida,254,Vilanova de la Barca,1054
25249,25,Lleida,249,Vilanova de l'Aguda,213
25250,25,Lleida,250,Vilanova de Meià,414
25251,25,Lleida,251,Vilanova de Segrià,941
25252,25,Lleida,252,Vila-sana,732
25253,25,Lleida,253,"Vilosell, El",185
25255,25,Lleida,255,Vinaixa,499
43001,43,Tarragona,001,Aiguamúrcia,903
43002,43,Tarragona,002,Albinyana,2303
43003,43,Tarragona,003,"Albiol, L'",459
43004,43,Tarragona,004,Alcanar,9494
43005,43,Tarragona,005,Alcover,5095
43904,43,Tarragona,904,"Aldea, L'",4250
43006,43,Tarragona,006,Aldover,863
43007,43,Tarragona,007,"Aleixar, L'",887
43008,43,Tarragona,008,Alfara de Carles,371
43009,43,Tarragona,009,Alforja,1844
43010,43,Tarragona,010,Alió,405
43011,43,Tarragona,011,Almoster,1401
43012,43,Tarragona,012,Altafulla,5034
43013,43,Tarragona,013,"Ametlla de Mar, L'",7102
43906,43,Tarragona,906,"Ampolla, L'",3322
43014,43,Tarragona,014,Amposta,20654
43016,43,Tarragona,016,"Arboç, L'",5520
43015,43,Tarragona,015,Arbolí,125
43017,43,Tarragona,017,"Argentera, L'",136
43018,43,Tarragona,018,Arnes,472
43019,43,Tarragona,019,Ascó,1695
43020,43,Tarragona,020,Banyeres del Penedès,3091
43021,43,Tarragona,021,Barberà de la Conca,478
43022,43,Tarragona,022,Batea,1967
43023,43,Tarragona,023,Bellmunt del Priorat,296
43024,43,Tarragona,024,Bellvei,2190
43025,43,Tarragona,025,Benifallet,708
43026,43,Tarragona,026,Benissanet,1218
43027,43,Tarragona,027,"Bisbal de Falset, La",208
43028,43,Tarragona,028,"Bisbal del Penedès, La",3466
43029,43,Tarragona,029,Blancafort,393
43030,43,Tarragona,030,Bonastre,639
43031,43,Tarragona,031,"Borges del Camp, Les",2070
43032,43,Tarragona,032,Bot,615
43033,43,Tarragona,033,Botarell,1120
43034,43,Tarragona,034,Bràfim,668
43035,43,Tarragona,035,Cabacés,326
43036,43,Tarragona,036,Cabra del Camp,1113
43037,43,Tarragona,037,Calafell,24289
43903,43,Tarragona,903,Camarles,3349
43038,43,Tarragona,038,Cambrils,33273
43907,43,Tarragona,907,"Canonja, La",5846
43039,43,Tarragona,039,Capafonts,112
43040,43,Tarragona,040,Capçanes,392
43041,43,Tarragona,041,Caseres,253
43042,43,Tarragona,042,Castellvell del Camp,2851
43043,43,Tarragona,043,"Catllar, El",4211
43045,43,Tarragona,045,Colldejou,171
43046,43,Tarragona,046,Conesa,116
43047,43,Tarragona,047,Constantí,6439
43048,43,Tarragona,048,Corbera d'Ebre,1080
43049,43,Tarragona,049,Cornudella de Montsant,966
43050,43,Tarragona,050,Creixell,3467
43051,43,Tarragona,051,Cunit,11808
43901,43,Tarragona,901,Deltebre,11544
43053,43,Tarragona,053,Duesaigües,242
43054,43,Tarragona,054,"Espluga de Francolí, L'",3791
43055,43,Tarragona,055,Falset,2834
43056,43,Tarragona,056,"Fatarella, La",1004
43057,43,Tarragona,057,"Febró, La",40
43058,43,Tarragona,058,"Figuera, La",105
43059,43,Tarragona,059,Figuerola del Camp,341
43060,43,Tarragona,060,Flix,3677
43061,43,Tarragona,061,Forès,47
43062,43,Tarragona,062,Freginals,396
43063,43,Tarragona,063,"Galera, La",748
43064,43,Tarragona,064,Gandesa,2999
43065,43,Tarragona,065,Garcia,601
43066,43,Tarragona,066,"Garidells, Els",193
43067,43,Tarragona,067,Ginestar,778
43068,43,Tarragona,068,Godall,631
43069,43,Tarragona,069,Gratallops,237
43070,43,Tarragona,070,"Guiamets, Els",273
43071,43,Tarragona,071,Horta de Sant Joan,1189
43072,43,Tarragona,072,"Lloar, El",123
43073,43,Tarragona,073,Llorac,96
43074,43,Tarragona,074,Llorenç del Penedès,2323
43076,43,Tarragona,076,Marçà,586
43075,43,Tarragona,075,Margalef,97
43077,43,Tarragona,077,Mas de Barberans,605
43078,43,Tarragona,078,Masdenverge,1088
43079,43,Tarragona,079,Masllorenç,502
43080,43,Tarragona,080,"Masó, La",290
43081,43,Tarragona,081,Maspujols,774
43082,43,Tarragona,082,"Masroig, El",494
43083,43,Tarragona,083,"Milà, El",178
43084,43,Tarragona,084,Miravet,737
43085,43,Tarragona,085,"Molar, El",282
43086,43,Tarragona,086,Montblanc,7290
43088,43,Tarragona,088,Montbrió del Camp,2779
43089,43,Tarragona,089,Montferri,400
43090,43,Tarragona,090,"Montmell, El",1397
43091,43,Tarragona,091,Mont-ral,166
43092,43,Tarragona,092,Mont-roig del Camp,11521
43093,43,Tarragona,093,Móra d'Ebre,5574
43094,43,Tarragona,094,Móra la Nova,3104
43095,43,Tarragona,095,"Morell, El",3550
43096,43,Tarragona,096,"Morera de Montsant, La",153
43097,43,Tarragona,097,"Nou de Gaià, La",546
43098,43,Tarragona,098,Nulles,453
43100,43,Tarragona,100,"Pallaresos, Els",4597
43099,43,Tarragona,099,"Palma d'Ebre, La",363
43101,43,Tarragona,101,Passanant i Belltall,161
43102,43,Tarragona,102,Paüls,580
43103,43,Tarragona,103,Perafort,1282
43104,43,Tarragona,104,"Perelló, El",2903
43105,43,Tarragona,105,"Piles, Les",207
43106,43,Tarragona,106,"Pinell de Brai, El",1014
43107,43,Tarragona,107,Pira,500
43108,43,Tarragona,108,"Pla de Santa Maria, El",2294
43109,43,Tarragona,109,"Pobla de Mafumet, La",3771
43110,43,Tarragona,110,"Pobla de Massaluca, La",333
43111,43,Tarragona,111,"Pobla de Montornès, La",2806
43112,43,Tarragona,112,Poboleda,374
43113,43,Tarragona,113,"Pont d'Armentera, El",515
43141,43,Tarragona,141,Pontils,120
43114,43,Tarragona,114,Porrera,445
43115,43,Tarragona,115,Pradell de la Teixeta,174
43116,43,Tarragona,116,Prades,587
43117,43,Tarragona,117,Prat de Comte,177
43118,43,Tarragona,118,Pratdip,691
43119,43,Tarragona,119,Puigpelat,1121
43120,43,Tarragona,120,Querol,543
43121,43,Tarragona,121,Rasquera,819
43122,43,Tarragona,122,Renau,148
43123,43,Tarragona,123,Reus,103615
43124,43,Tarragona,124,"Riba, La",594
43125,43,Tarragona,125,Riba-roja d'Ebre,1156
43126,43,Tarragona,126,"Riera de Gaià, La",1694
43127,43,Tarragona,127,Riudecanyes,1116
43128,43,Tarragona,128,Riudecols,1169
43129,43,Tarragona,129,Riudoms,6591
43130,43,Tarragona,130,Rocafort de Queralt,251
43131,43,Tarragona,131,Roda de Berà,6391
43132,43,Tarragona,132,Rodonyà,492
43133,43,Tarragona,133,Roquetes,8165
43134,43,Tarragona,134,"Rourell, El",398
43135,43,Tarragona,135,Salomó,540
43905,43,Tarragona,905,Salou,26386
43136,43,Tarragona,136,Sant Carles de la Ràpita,14718
43137,43,Tarragona,137,Sant Jaume dels Domenys,2543
43902,43,Tarragona,902,Sant Jaume d'Enveja,3516
43138,43,Tarragona,138,Santa Bàrbara,3774
43139,43,Tarragona,139,Santa Coloma de Queralt,2726
43140,43,Tarragona,140,Santa Oliva,3260
43142,43,Tarragona,142,Sarral,1587
43143,43,Tarragona,143,Savallà del Comtat,59
43144,43,Tarragona,144,"Secuita, La",1692
43145,43,Tarragona,145,"Selva del Camp, La",5591
43146,43,Tarragona,146,Senan,51
43044,43,Tarragona,044,"Sénia, La",5654
43147,43,Tarragona,147,Solivella,619
43148,43,Tarragona,148,Tarragona,131094
43149,43,Tarragona,149,Tivenys,887
43150,43,Tarragona,150,Tivissa,1684
43151,43,Tarragona,151,"Torre de Fontaubella, La",134
43152,43,Tarragona,152,"Torre de l'Espanyol, La",635
43153,43,Tarragona,153,Torredembarra,15460
43154,43,Tarragona,154,Torroja del Priorat,153
43155,43,Tarragona,155,Tortosa,33743
43156,43,Tarragona,156,Ulldecona,6368
43157,43,Tarragona,157,Ulldemolins,401
43158,43,Tarragona,158,Vallclara,110
43159,43,Tarragona,159,Vallfogona de Riucorb,94
43160,43,Tarragona,160,Vallmoll,1645
43161,43,Tarragona,161,Valls,24285
43162,43,Tarragona,162,Vandellòs i l'Hospitalet de l'Infant,6143
43163,43,Tarragona,163,"Vendrell, El",36482
43164,43,Tarragona,164,Vespella de Gaià,421
43165,43,Tarragona,165,Vilabella,760
43175,43,Tarragona,175,Vilalba dels Arcs,658
43166,43,Tarragona,166,Vilallonga del Camp,2255
43168,43,Tarragona,168,Vilanova de Prades,118
43167,43,Tarragona,167,Vilanova d'Escornalbou,542
43169,43,Tarragona,169,Vilaplana,590
43170,43,Tarragona,170,Vila-rodona,1255
43171,43,Tarragona,171,Vila-seca,21935
43172,43,Tarragona,172,Vilaverd,452
43173,43,Tarragona,173,"Vilella Alta, La",135
43174,43,Tarragona,174,"Vilella Baixa, La",193
43176,43,Tarragona,176,Vimbodí i Poblet,954
43177,43,Tarragona,177,Vinebre,430
43178,43,Tarragona,178,Vinyols i els Arcs,1918
43052,43,Tarragona,052,Xerta,1190
